Year,Corporation,Action-Type,Source
2019,DNCC & DSCC,"Mobile courts, raids & fines to destroy mosquito breeding sites","DNCC, DSCC conduct raids to curb mosquito reproduction — The Business Standard, 24 Jul 2019"
2024,DSCC,Special mosquito eradication & cleaning operations,?DSCC launches ?Cleanliness and Mosquito Eradication? operation? ? The Financial Express (25 Sep 2024)
2020,DNCC,Emergency fogging & larviciding during monsoon,"DNCC intensifies mosquito control ahead of monsoon — UNB / Dhaka Tribune, Jun 2020"
2021,DSCC,Ward-wise cleaning & larvicide spraying,"DSCC steps up mosquito control drive — The Daily Star, Jul 2021"
2022,DNCC,Awareness campaign + source reduction drive,"DNCC launches mosquito awareness drive — Dhaka Tribune, Aug 2022"
2023,DSCC,City-wide anti-Aedes drive before dengue season,"DSCC launches anti-Aedes mosquito drive — The Daily Star, May 2023"
2024,DNCC,Weeklong anti-mosquito drive,"NCC launches weeklong anti-mosquito drive to combat dengue — The Daily Star, 19 Sep 2024"
2025,DNCC,"Special mosquito control drive in high-risk wards (larviciding, fogging, awareness)","Special mosquito control drive in high-risk wards (larviciding, fogging, awareness)"
2025,DSCC,Ward-based monitoring & larvicide/adulticide coordination,“DSCC forms ward-based teams to combat dengue surge” — The Business Standard (07 Nov 2025) 
